timestamp,metric,value
2024-01-01 00:12:40,stock_price,110.54
2024-01-01 00:13:59,CPU_usage,77.08
2024-01-01 00:22:54,CPU_usage,83.85
2024-01-01 00:41:48,temperature,16.53
2024-01-01 01:10:46,stock_price,447.77
2024-01-01 01:12:58,CPU_usage,99.6
2024-01-01 01:27:52,CPU_usage,18.65
2024-01-01 01:31:45,temperature,17.37
2024-01-01 01:33:20,CPU_usage,27.66
2024-01-01 01:52:14,stock_price,218.6
2024-01-01 02:01:29,CPU_usage,41.69
2024-01-01 02:08:08,stock_price,265.71
2024-01-01 02:20:06,temperature,19.62
2024-01-01 02:21:55,stock_price,158.17
2024-01-01 02:29:54,CPU_usage,19.72
2024-01-01 02:31:48,CPU_usage,27.81
2024-01-01 02:32:45,CPU_usage,28.31
2024-01-01 02:39:20,temperature,21.42
2024-01-01 02:51:23,stock_price,475.75
2024-01-01 02:55:45,stock_price,208.77
2024-01-01 02:57:46,temperature,29.14
2024-01-01 03:13:28,CPU_usage,96.31
2024-01-01 03:16:04,stock_price,440.28
2024-01-01 03:22:39,CPU_usage,39.77
2024-01-01 03:32:33,temperature,15.41
2024-01-01 03:39:20,temperature,17.37
2024-01-01 03:45:08,stock_price,464.81
2024-01-01 03:59:46,stock_price,465.78
2024-01-01 04:13:48,temperature,20.18
2024-01-01 04:25:53,temperature,19.81
2024-01-01 04:29:52,temperature,18.09
2024-01-01 04:30:45,CPU_usage,15.82
2024-01-01 04:39:34,stock_price,310.36
2024-01-01 04:47:03,stock_price,411.53
2024-01-01 04:55:02,stock_price,234.88
2024-01-01 04:58:14,CPU_usage,3.71
2024-01-01 05:02:03,temperature,24.96
2024-01-01 05:06:07,stock_price,403.69
2024-01-01 05:07:32,temperature,23.29
2024-01-01 05:09:41,temperature,21.1
2024-01-01 05:11:00,CPU_usage,48.42
2024-01-01 05:11:00,CPU_usage,27.31
2024-01-01 05:35:17,stock_price,286.49
2024-01-01 05:56:42,CPU_usage,72.59
2024-01-01 06:02:05,stock_price,465.2
2024-01-01 06:02:26,temperature,25.01
2024-01-01 06:03:12,CPU_usage,91.75
2024-01-01 06:03:45,stock_price,318.73
2024-01-01 06:05:36,stock_price,357.26
2024-01-01 06:07:16,CPU_usage,17.83
2024-01-01 06:19:01,CPU_usage,48.31
2024-01-01 06:21:32,temperature,26.67
2024-01-01 06:35:05,temperature,16.37
2024-01-01 06:45:22,stock_price,362.02
2024-01-01 07:11:12,CPU_usage,81.55
2024-01-01 07:13:03,CPU_usage,92.84
2024-01-01 07:19:45,CPU_usage,34.66
2024-01-01 07:27:49,temperature,17.27
2024-01-01 07:28:19,stock_price,171.77
2024-01-01 07:33:50,temperature,16.93
2024-01-01 07:36:49,stock_price,157.1
2024-01-01 07:37:51,temperature,16.58
2024-01-01 07:41:31,temperature,17.57
2024-01-01 07:49:10,stock_price,374.84
2024-01-01 07:49:33,temperature,27.57
2024-01-01 08:15:28,stock_price,179.56
2024-01-01 08:20:03,CPU_usage,41.29
2024-01-01 08:25:42,stock_price,145.24
2024-01-01 08:26:29,CPU_usage,20.16
2024-01-01 08:32:44,CPU_usage,29.43
2024-01-01 08:37:34,stock_price,390.74
2024-01-01 08:37:43,stock_price,424.25
2024-01-01 08:40:33,CPU_usage,81.52
2024-01-01 08:50:16,CPU_usage,0.74
2024-01-01 08:51:31,temperature,22.82
2024-01-01 08:59:25,stock_price,288.96
2024-01-01 09:05:39,CPU_usage,51.8
2024-01-01 09:30:23,CPU_usage,7.51
2024-01-01 09:35:32,CPU_usage,28.42
2024-01-01 09:38:28,temperature,20.22
2024-01-01 10:12:21,temperature,18.02
2024-01-01 10:39:28,temperature,27.23
2024-01-01 10:45:23,temperature,18.97
2024-01-01 10:51:59,temperature,18.65
2024-01-01 11:08:16,temperature,21.64
2024-01-01 11:08:22,CPU_usage,66.94
2024-01-01 11:11:36,temperature,24.0
2024-01-01 11:30:54,CPU_usage,77.57
2024-01-01 11:37:03,temperature,21.25
2024-01-01 11:43:28,temperature,20.01
2024-01-01 11:51:49,temperature,18.52
2024-01-01 12:01:23,temperature,18.29
2024-01-01 12:09:31,temperature,17.62
2024-01-01 12:11:56,temperature,17.57
2024-01-01 12:13:26,temperature,20.02
2024-01-01 12:29:29,stock_price,222.34
2024-01-01 12:29:34,temperature,24.15
2024-01-01 12:31:35,stock_price,237.32
2024-01-01 12:40:17,temperature,19.73
2024-01-01 12:42:54,stock_price,127.0
2024-01-01 12:45:32,stock_price,447.97
2024-01-01 12:49:06,CPU_usage,15.71
2024-01-01 12:59:35,temperature,26.81
2024-01-01 13:37:58,CPU_usage,37.23
2024-01-01 13:46:11,stock_price,466.55
2024-01-01 14:09:01,CPU_usage,27.63
2024-01-01 14:10:30,CPU_usage,12.74
2024-01-01 14:18:50,stock_price,184.57
2024-01-01 14:19:13,CPU_usage,30.17
2024-01-01 14:43:41,CPU_usage,88.83
2024-01-01 14:43:44,CPU_usage,91.67
2024-01-01 14:45:41,temperature,18.01
2024-01-01 14:48:42,temperature,23.15
2024-01-01 15:05:20,temperature,22.1
2024-01-01 15:13:38,temperature,24.32
2024-01-01 15:17:11,stock_price,215.69
2024-01-01 15:34:42,stock_price,264.97
2024-01-01 15:35:32,stock_price,213.51
2024-01-01 15:36:16,CPU_usage,72.38
2024-01-01 15:36:26,stock_price,225.07
2024-01-01 15:44:46,stock_price,459.57
2024-01-01 16:10:04,CPU_usage,4.11
2024-01-01 16:50:42,stock_price,136.72
2024-01-01 17:00:55,temperature,15.41
2024-01-01 17:07:53,temperature,25.92
2024-01-01 17:09:19,stock_price,422.14
2024-01-01 17:21:54,stock_price,145.58
2024-01-01 17:27:25,CPU_usage,31.7
2024-01-01 17:45:20,temperature,29.84
2024-01-01 17:55:35,stock_price,327.12
2024-01-01 18:01:46,temperature,23.43
2024-01-01 18:23:01,CPU_usage,90.33
2024-01-01 18:32:04,CPU_usage,53.16
2024-01-01 19:09:33,stock_price,346.42
2024-01-01 19:42:13,temperature,17.53
2024-01-01 19:48:53,stock_price,489.06
2024-01-01 19:52:12,CPU_usage,78.91
2024-01-01 20:01:06,CPU_usage,53.36
2024-01-01 20:03:25,temperature,17.49
2024-01-01 20:07:40,stock_price,395.94
2024-01-01 20:38:41,stock_price,270.11
2024-01-01 20:50:14,stock_price,237.56
2024-01-01 20:52:16,stock_price,478.42
2024-01-01 21:02:10,stock_price,284.61
2024-01-01 21:02:51,stock_price,330.2
2024-01-01 21:43:54,temperature,15.72
2024-01-01 21:51:26,CPU_usage,82.72
2024-01-01 21:59:13,CPU_usage,16.3
2024-01-01 22:11:49,CPU_usage,69.78
2024-01-01 22:12:40,CPU_usage,36.71
2024-01-01 22:18:16,stock_price,188.55
2024-01-01 22:26:12,temperature,17.54
2024-01-01 23:08:03,stock_price,334.08
2024-01-01 23:08:14,stock_price,201.35
2024-01-01 23:13:49,CPU_usage,52.42
2024-01-01 23:15:39,CPU_usage,84.75
2024-01-01 23:59:07,stock_price,339.84
2024-01-02 00:01:57,CPU_usage,29.75
2024-01-02 00:10:43,stock_price,453.36
2024-01-02 00:17:25,stock_price,411.07
2024-01-02 00:19:37,CPU_usage,73.61
2024-01-02 00:21:05,temperature,29.01
2024-01-02 00:22:20,CPU_usage,64.32
2024-01-02 00:22:35,CPU_usage,74.58
2024-01-02 00:27:13,stock_price,158.74
2024-01-02 00:36:25,CPU_usage,15.17
2024-01-02 00:37:29,stock_price,312.84
2024-01-02 00:41:30,temperature,29.99
2024-01-02 00:41:35,stock_price,323.65
2024-01-02 00:54:41,stock_price,338.66
2024-01-02 00:57:09,stock_price,376.94
2024-01-02 00:57:16,CPU_usage,25.56
2024-01-02 01:02:40,stock_price,133.11
2024-01-02 01:08:24,stock_price,168.54
2024-01-02 01:08:30,stock_price,251.62
2024-01-02 01:16:39,CPU_usage,86.88
2024-01-02 01:17:46,temperature,28.36
2024-01-02 01:18:34,stock_price,446.17
2024-01-02 01:31:32,stock_price,276.48
2024-01-02 01:36:20,temperature,28.56
2024-01-02 01:43:46,stock_price,366.42
2024-01-02 02:12:20,temperature,22.57
2024-01-02 02:19:59,stock_price,117.0
2024-01-02 02:37:31,CPU_usage,62.64
2024-01-02 02:38:33,temperature,25.14
2024-01-02 02:41:31,temperature,18.49
2024-01-02 02:47:55,CPU_usage,18.46
2024-01-02 02:57:35,temperature,22.14
2024-01-02 03:01:52,stock_price,175.52
2024-01-02 03:23:36,stock_price,283.65
2024-01-02 03:25:39,stock_price,128.25
2024-01-02 03:29:17,CPU_usage,50.02
2024-01-02 03:33:28,CPU_usage,40.33
2024-01-02 03:36:03,CPU_usage,53.38
2024-01-02 03:41:55,temperature,20.62
2024-01-02 04:07:59,stock_price,324.19
2024-01-02 04:17:14,temperature,25.24
2024-01-02 04:19:16,CPU_usage,81.34
2024-01-02 04:23:29,stock_price,391.88
2024-01-02 04:32:59,temperature,27.94
2024-01-02 04:33:49,CPU_usage,87.59
2024-01-02 04:44:46,temperature,26.86
2024-01-02 04:57:18,stock_price,471.42
2024-01-02 04:57:43,stock_price,298.98
2024-01-02 05:18:34,temperature,26.27
2024-01-02 05:37:08,CPU_usage,90.09
2024-01-02 05:54:21,CPU_usage,25.53
2024-01-02 06:13:18,temperature,26.56
2024-01-02 06:17:22,stock_price,177.17
2024-01-02 06:21:12,CPU_usage,8.89
2024-01-02 06:23:41,CPU_usage,7.01
2024-01-02 06:39:51,stock_price,297.63
2024-01-02 06:49:07,CPU_usage,43.34
2024-01-02 06:51:01,CPU_usage,35.19
2024-01-02 07:06:32,stock_price,496.07
2024-01-02 07:10:10,CPU_usage,94.02
2024-01-02 07:17:25,CPU_usage,37.12
2024-01-02 07:45:38,temperature,23.8
2024-01-02 07:47:55,temperature,28.66
2024-01-02 08:08:56,temperature,23.47
2024-01-02 08:23:01,temperature,16.56
2024-01-02 08:46:35,temperature,25.02
2024-01-02 08:51:06,CPU_usage,36.82
2024-01-02 09:04:07,stock_price,138.74
2024-01-02 09:20:34,CPU_usage,7.82
2024-01-02 09:23:27,temperature,28.67
2024-01-02 09:28:55,stock_price,318.69
2024-01-02 09:32:58,CPU_usage,2.1
2024-01-02 10:01:24,CPU_usage,12.05
2024-01-02 10:06:33,stock_price,425.53
2024-01-02 10:08:51,temperature,16.7
2024-01-02 10:10:21,CPU_usage,8.5
2024-01-02 10:14:37,temperature,21.58
2024-01-02 10:16:16,temperature,28.04
2024-01-02 10:16:18,temperature,23.96
2024-01-02 10:17:39,stock_price,122.03
2024-01-02 10:20:34,temperature,15.44
2024-01-02 10:23:13,stock_price,100.34
2024-01-02 10:26:15,stock_price,218.2
2024-01-02 10:27:01,temperature,28.02
2024-01-02 10:30:16,stock_price,399.66
2024-01-02 10:38:39,temperature,21.76
2024-01-02 10:51:51,stock_price,357.93
2024-01-02 10:57:52,CPU_usage,99.34
2024-01-02 12:05:34,CPU_usage,22.87
2024-01-02 12:16:08,temperature,24.93
2024-01-02 12:16:24,stock_price,487.99
2024-01-02 12:42:00,temperature,27.29
2024-01-02 12:55:10,CPU_usage,17.14
2024-01-02 12:56:02,stock_price,327.78
2024-01-02 13:16:17,CPU_usage,94.95
2024-01-02 13:16:40,CPU_usage,66.6
2024-01-02 13:28:49,stock_price,234.09
2024-01-02 13:30:59,stock_price,450.87
2024-01-02 13:33:52,stock_price,361.59
2024-01-02 13:39:26,stock_price,152.93
2024-01-02 14:04:02,stock_price,433.68
2024-01-02 14:12:07,CPU_usage,91.48
2024-01-02 14:24:46,stock_price,244.95
2024-01-02 14:37:55,temperature,25.9
2024-01-02 14:42:35,stock_price,329.16
2024-01-02 15:05:06,temperature,28.07
2024-01-02 15:15:28,stock_price,276.96
2024-01-02 15:20:02,CPU_usage,42.82
2024-01-02 15:20:04,stock_price,305.93
2024-01-02 15:21:01,stock_price,143.68
2024-01-02 15:32:15,CPU_usage,59.57
2024-01-02 15:36:20,CPU_usage,96.85
2024-01-02 15:45:25,CPU_usage,24.54
2024-01-02 15:49:58,temperature,25.57
2024-01-02 15:55:19,temperature,25.69
2024-01-02 16:04:07,stock_price,494.0
2024-01-02 16:07:33,CPU_usage,75.59
2024-01-02 16:16:21,CPU_usage,40.34
2024-01-02 16:21:35,temperature,16.9
2024-01-02 16:38:11,temperature,16.96
2024-01-02 16:41:12,temperature,21.59
2024-01-02 16:46:37,stock_price,162.32
2024-01-02 16:55:43,CPU_usage,3.06
2024-01-02 17:04:43,CPU_usage,33.06
2024-01-02 17:26:12,CPU_usage,80.99
2024-01-02 17:30:17,temperature,26.03
2024-01-02 17:40:13,CPU_usage,70.27
2024-01-02 18:04:46,CPU_usage,71.46
2024-01-02 18:14:30,temperature,23.73
2024-01-02 18:16:59,CPU_usage,7.83
2024-01-02 18:20:25,temperature,24.31
2024-01-02 18:20:50,stock_price,379.45
2024-01-02 18:39:49,temperature,29.88
2024-01-02 18:55:39,stock_price,294.49
2024-01-02 19:13:54,CPU_usage,57.21
2024-01-02 19:17:21,temperature,23.69
2024-01-02 19:19:32,stock_price,219.63
2024-01-02 19:19:53,stock_price,221.01
2024-01-02 19:20:50,CPU_usage,46.15
2024-01-02 19:22:13,CPU_usage,18.79
2024-01-02 19:24:29,CPU_usage,45.57
2024-01-02 19:37:37,stock_price,483.03
2024-01-02 19:47:00,stock_price,291.57
2024-01-02 19:49:22,temperature,19.0
2024-01-02 19:52:31,temperature,18.69
2024-01-02 20:16:04,stock_price,448.79
2024-01-02 20:18:29,stock_price,381.67
2024-01-02 20:30:22,temperature,27.86
2024-01-02 20:33:56,CPU_usage,78.89
2024-01-02 20:34:45,temperature,18.54
2024-01-02 20:48:45,stock_price,299.97
2024-01-02 20:52:36,stock_price,341.47
2024-01-02 20:53:53,temperature,19.74
2024-01-02 20:59:12,stock_price,467.34
2024-01-02 21:27:50,stock_price,418.45
2024-01-02 21:31:02,CPU_usage,53.98
2024-01-02 21:31:40,CPU_usage,34.36
2024-01-02 21:47:44,CPU_usage,38.29
2024-01-02 21:54:17,stock_price,137.93
2024-01-02 21:57:24,CPU_usage,42.9
2024-01-02 21:57:47,CPU_usage,81.35
2024-01-02 21:58:54,temperature,15.72
2024-01-02 22:00:48,stock_price,224.56
2024-01-02 22:02:06,CPU_usage,19.88
2024-01-02 22:03:33,stock_price,351.89
2024-01-02 22:05:28,temperature,20.54
2024-01-02 22:09:48,CPU_usage,54.84
2024-01-02 22:16:03,temperature,21.91
2024-01-02 22:24:49,stock_price,144.25
2024-01-02 22:24:53,stock_price,308.63
2024-01-02 22:24:58,temperature,19.04
2024-01-02 22:26:55,stock_price,349.04
2024-01-02 22:33:34,stock_price,269.74
2024-01-02 22:36:30,stock_price,441.77
2024-01-02 22:44:11,stock_price,347.28
2024-01-02 22:44:35,CPU_usage,30.57
2024-01-02 23:00:54,stock_price,335.91
2024-01-02 23:21:22,temperature,16.93
2024-01-02 23:34:18,temperature,17.45
2024-01-02 23:59:56,stock_price,319.58
2024-01-03 00:08:29,stock_price,120.63
2024-01-03 00:21:42,temperature,16.42
2024-01-03 00:22:44,CPU_usage,0.56
2024-01-03 00:24:46,stock_price,335.64
2024-01-03 00:45:14,temperature,27.65
2024-01-03 01:03:41,temperature,27.27
2024-01-03 01:28:48,temperature,19.08
2024-01-03 01:36:53,temperature,23.9
2024-01-03 01:41:26,temperature,20.28
2024-01-03 01:49:06,CPU_usage,2.08
2024-01-03 01:55:13,temperature,21.22
2024-01-03 02:06:55,CPU_usage,53.08
2024-01-03 02:07:06,temperature,27.89
2024-01-03 02:16:01,CPU_usage,29.02
2024-01-03 02:18:05,CPU_usage,94.03
2024-01-03 02:24:37,temperature,27.59
2024-01-03 02:26:44,CPU_usage,33.91
2024-01-03 02:28:22,CPU_usage,35.1
2024-01-03 02:33:20,CPU_usage,49.78
2024-01-03 02:34:53,CPU_usage,40.74
2024-01-03 02:45:30,temperature,26.6
2024-01-03 02:54:14,temperature,18.17
2024-01-03 03:02:08,CPU_usage,63.15
2024-01-03 03:02:34,CPU_usage,28.64
2024-01-03 03:03:00,temperature,17.11
2024-01-03 03:03:33,CPU_usage,5.09
2024-01-03 03:29:00,CPU_usage,64.28
2024-01-03 03:33:05,CPU_usage,39.45
2024-01-03 03:46:50,stock_price,453.93
2024-01-03 03:55:46,stock_price,497.47
2024-01-03 03:58:54,temperature,18.28
2024-01-03 04:03:59,temperature,22.41
2024-01-03 04:18:46,temperature,29.88
2024-01-03 04:24:49,CPU_usage,48.23
2024-01-03 04:28:11,temperature,15.02
2024-01-03 04:32:21,CPU_usage,55.93
2024-01-03 04:34:06,CPU_usage,75.12
2024-01-03 04:54:38,temperature,23.86
2024-01-03 04:58:20,temperature,29.26
2024-01-03 05:04:46,temperature,26.08
2024-01-03 05:07:55,stock_price,142.75
2024-01-03 05:08:30,stock_price,379.86
2024-01-03 05:51:13,temperature,19.7
2024-01-03 05:55:18,temperature,15.06
2024-01-03 05:56:31,temperature,16.81
2024-01-03 06:09:33,temperature,16.29
2024-01-03 06:27:41,CPU_usage,83.28
2024-01-03 06:27:51,stock_price,226.76
2024-01-03 06:29:32,temperature,24.29
2024-01-03 06:31:24,stock_price,361.07
2024-01-03 06:35:25,temperature,23.67
2024-01-03 06:40:40,CPU_usage,6.81
2024-01-03 06:43:43,CPU_usage,65.55
2024-01-03 06:48:08,CPU_usage,73.31
2024-01-03 06:48:36,CPU_usage,76.08
2024-01-03 06:50:42,stock_price,493.43
2024-01-03 06:52:03,CPU_usage,54.82
2024-01-03 06:56:05,temperature,26.25
2024-01-03 07:31:04,temperature,18.17
2024-01-03 07:37:13,CPU_usage,7.75
2024-01-03 07:47:15,CPU_usage,75.57
2024-01-03 07:53:11,temperature,24.53
2024-01-03 07:55:45,temperature,19.83
2024-01-03 07:57:45,temperature,25.59
2024-01-03 08:03:11,CPU_usage,58.23
2024-01-03 08:05:23,temperature,18.87
2024-01-03 08:17:50,stock_price,457.09
2024-01-03 08:25:43,temperature,24.66
2024-01-03 08:27:04,temperature,27.3
2024-01-03 08:41:13,stock_price,424.82
2024-01-03 08:41:32,CPU_usage,39.92
2024-01-03 08:53:38,CPU_usage,92.62
2024-01-03 08:58:55,stock_price,256.34
2024-01-03 09:09:12,CPU_usage,57.86
2024-01-03 09:16:25,CPU_usage,75.27
2024-01-03 09:17:24,stock_price,217.17
2024-01-03 09:26:22,stock_price,327.76
2024-01-03 09:40:59,stock_price,475.66
2024-01-03 09:42:39,stock_price,274.26
2024-01-03 10:16:04,stock_price,451.28
2024-01-03 10:16:27,CPU_usage,54.63
2024-01-03 10:19:11,temperature,16.57
2024-01-03 10:20:32,temperature,27.65
2024-01-03 10:26:18,CPU_usage,86.87
2024-01-03 10:36:41,CPU_usage,0.07
2024-01-03 10:38:25,temperature,26.69
2024-01-03 10:41:33,stock_price,454.2
2024-01-03 10:46:50,stock_price,386.65
2024-01-03 10:48:03,temperature,18.87
2024-01-03 10:58:18,temperature,16.66
2024-01-03 11:05:14,stock_price,186.18
2024-01-03 11:26:56,stock_price,202.79
2024-01-03 11:35:24,temperature,25.14
2024-01-03 11:53:05,temperature,25.97
2024-01-03 11:59:01,temperature,21.13
2024-01-03 12:28:21,stock_price,378.13
2024-01-03 12:44:47,CPU_usage,98.38
2024-01-03 12:46:32,temperature,22.67
2024-01-03 12:49:26,stock_price,196.62
2024-01-03 12:58:21,temperature,24.24
2024-01-03 13:01:45,CPU_usage,82.15
2024-01-03 13:03:03,temperature,20.23
2024-01-03 13:08:02,stock_price,436.78
2024-01-03 13:08:34,temperature,29.06
2024-01-03 13:10:27,temperature,27.38
2024-01-03 13:16:30,CPU_usage,4.74
2024-01-03 13:22:43,stock_price,263.17
2024-01-03 13:55:04,CPU_usage,42.64
2024-01-03 14:03:45,stock_price,194.41
2024-01-03 14:04:50,stock_price,162.14
2024-01-03 14:28:11,temperature,21.19
2024-01-03 15:18:22,CPU_usage,23.09
2024-01-03 15:21:24,temperature,22.53
2024-01-03 15:34:45,CPU_usage,9.97
2024-01-03 15:55:31,stock_price,121.56
2024-01-03 16:03:39,temperature,26.3
2024-01-03 16:17:12,CPU_usage,67.71
2024-01-03 16:47:57,temperature,25.39
2024-01-03 16:48:34,CPU_usage,66.28
2024-01-03 16:49:54,stock_price,122.72
2024-01-03 16:57:46,stock_price,377.25
2024-01-03 17:06:28,temperature,23.09
2024-01-03 17:12:35,CPU_usage,3.3
2024-01-03 17:17:51,CPU_usage,24.62
2024-01-03 17:25:16,CPU_usage,96.0
2024-01-03 17:26:06,stock_price,205.46
2024-01-03 17:26:06,CPU_usage,72.84
2024-01-03 17:34:00,CPU_usage,70.67
2024-01-03 17:36:03,temperature,21.29
2024-01-03 17:40:39,temperature,22.73
2024-01-03 17:43:45,CPU_usage,22.06
2024-01-03 18:17:00,CPU_usage,23.02
2024-01-03 18:19:44,temperature,26.09
2024-01-03 18:21:06,CPU_usage,60.36
2024-01-03 18:28:09,stock_price,282.42
2024-01-03 18:29:17,temperature,25.54
2024-01-03 18:40:04,stock_price,261.69
2024-01-03 18:58:20,stock_price,248.9
2024-01-03 19:05:51,stock_price,465.63
2024-01-03 19:07:27,temperature,24.18
2024-01-03 19:23:25,temperature,26.43
2024-01-03 19:24:59,temperature,26.78
2024-01-03 19:28:18,temperature,27.17
2024-01-03 19:33:45,temperature,20.61
2024-01-03 19:47:56,temperature,24.14
2024-01-03 19:48:06,stock_price,461.72
2024-01-03 19:53:41,stock_price,364.71
2024-01-03 19:54:28,temperature,21.89
2024-01-03 19:57:02,stock_price,392.81
2024-01-03 20:08:09,temperature,20.21
2024-01-03 20:14:58,stock_price,246.25
2024-01-03 20:21:00,temperature,15.85
2024-01-03 20:22:04,stock_price,222.86
2024-01-03 20:31:55,temperature,27.88
2024-01-03 20:35:24,CPU_usage,54.69
2024-01-03 20:43:38,CPU_usage,47.64
2024-01-03 20:46:17,CPU_usage,99.6
2024-01-03 20:47:24,CPU_usage,17.69
2024-01-03 20:54:14,stock_price,431.85
2024-01-03 21:22:42,temperature,29.86
2024-01-03 21:27:58,temperature,19.87
2024-01-03 21:29:20,temperature,24.1
2024-01-03 21:37:03,temperature,18.0
2024-01-03 21:42:32,temperature,23.78
2024-01-03 21:42:34,stock_price,448.4
2024-01-03 21:52:00,stock_price,252.38
2024-01-03 22:06:46,temperature,19.99
2024-01-03 22:13:08,stock_price,409.53
2024-01-03 22:42:06,temperature,17.87
2024-01-03 23:13:06,temperature,22.94
2024-01-03 23:25:24,CPU_usage,65.4
2024-01-03 23:32:27,stock_price,492.81
2024-01-03 23:50:39,CPU_usage,16.94
2024-01-03 23:55:18,CPU_usage,64.39
2024-01-04 00:05:14,temperature,16.06
2024-01-04 00:06:01,stock_price,147.5
2024-01-04 00:16:53,stock_price,302.0
2024-01-04 00:17:39,temperature,24.3
2024-01-04 00:30:36,CPU_usage,61.16
2024-01-04 00:44:35,stock_price,430.68
2024-01-04 00:47:35,temperature,29.31
2024-01-04 00:55:22,CPU_usage,98.79
2024-01-04 00:56:02,temperature,16.71
2024-01-04 00:56:05,CPU_usage,50.71
2024-01-04 01:01:35,temperature,22.1
2024-01-04 01:13:32,CPU_usage,71.02
2024-01-04 01:17:52,CPU_usage,76.28
2024-01-04 02:01:14,temperature,19.14
2024-01-04 02:21:51,CPU_usage,62.95
2024-01-04 02:38:44,CPU_usage,47.86
2024-01-04 02:42:59,temperature,28.73
2024-01-04 02:43:55,temperature,29.21
2024-01-04 02:46:23,stock_price,366.48
2024-01-04 02:53:52,temperature,23.1
2024-01-04 02:56:01,temperature,19.92
2024-01-04 03:02:09,temperature,27.62
2024-01-04 03:18:38,stock_price,212.47
2024-01-04 03:20:39,stock_price,468.27
2024-01-04 03:35:47,CPU_usage,83.19
2024-01-04 03:46:06,temperature,21.37
2024-01-04 03:46:23,stock_price,486.06
2024-01-04 04:02:21,CPU_usage,75.37
2024-01-04 04:05:54,stock_price,396.64
2024-01-04 04:13:35,CPU_usage,43.72
2024-01-04 04:16:03,stock_price,147.41
2024-01-04 04:24:31,CPU_usage,1.88
2024-01-04 04:29:15,stock_price,313.83
2024-01-04 04:41:10,stock_price,253.82
2024-01-04 04:43:39,stock_price,127.66
2024-01-04 04:44:14,stock_price,389.92
2024-01-04 04:47:05,stock_price,245.92
2024-01-04 04:47:29,CPU_usage,93.54
2024-01-04 04:49:04,temperature,27.41
2024-01-04 04:52:05,temperature,17.63
2024-01-04 05:05:28,temperature,29.01
2024-01-04 05:10:45,stock_price,460.14
2024-01-04 05:13:06,CPU_usage,97.71
2024-01-04 05:33:45,temperature,25.8
2024-01-04 05:38:58,stock_price,386.39
2024-01-04 05:39:45,CPU_usage,13.67
2024-01-04 05:42:51,temperature,20.89
2024-01-04 05:46:00,stock_price,350.56
2024-01-04 05:50:02,stock_price,423.0
2024-01-04 05:50:31,stock_price,281.6
2024-01-04 06:00:12,CPU_usage,99.66
2024-01-04 06:04:17,stock_price,482.46
2024-01-04 06:09:15,CPU_usage,96.87
2024-01-04 06:16:00,CPU_usage,67.38
2024-01-04 06:57:28,CPU_usage,25.88
2024-01-04 07:10:40,stock_price,429.98
2024-01-04 07:12:51,stock_price,417.97
2024-01-04 07:17:15,CPU_usage,6.55
2024-01-04 07:21:32,stock_price,327.99
2024-01-04 07:28:25,CPU_usage,19.01
2024-01-04 07:49:16,CPU_usage,63.94
2024-01-04 08:10:24,temperature,22.53
2024-01-04 08:27:36,temperature,25.56
2024-01-04 08:27:58,stock_price,228.65
2024-01-04 08:34:18,temperature,28.85
2024-01-04 08:56:14,CPU_usage,30.94
2024-01-04 08:58:30,CPU_usage,85.62
2024-01-04 09:23:00,temperature,21.61
2024-01-04 09:33:54,temperature,15.13
2024-01-04 09:34:43,stock_price,129.02
2024-01-04 09:40:35,CPU_usage,92.91
2024-01-04 09:55:08,temperature,21.3
2024-01-04 09:57:32,stock_price,355.97
2024-01-04 09:58:09,temperature,21.25
2024-01-04 10:04:02,stock_price,275.06
2024-01-04 10:05:05,temperature,28.53
2024-01-04 10:16:35,temperature,16.7
2024-01-04 10:24:30,stock_price,249.92
2024-01-04 10:29:21,CPU_usage,61.62
2024-01-04 10:45:54,CPU_usage,89.99
2024-01-04 10:53:23,stock_price,274.64
2024-01-04 10:57:01,CPU_usage,80.77
2024-01-04 11:17:17,stock_price,483.09
2024-01-04 11:22:54,temperature,19.26
2024-01-04 11:25:36,CPU_usage,0.13
2024-01-04 11:37:10,temperature,15.04
2024-01-04 11:42:12,CPU_usage,46.63
2024-01-04 11:43:29,stock_price,201.02
2024-01-04 12:09:36,stock_price,262.05
2024-01-04 12:11:48,stock_price,355.87
2024-01-04 12:57:41,stock_price,354.91
2024-01-04 12:58:43,stock_price,198.49
2024-01-04 13:10:54,CPU_usage,8.1
2024-01-04 13:15:15,stock_price,324.7
2024-01-04 13:34:43,stock_price,203.76
2024-01-04 13:41:13,temperature,25.9
2024-01-04 13:50:16,CPU_usage,1.45
2024-01-04 13:57:24,temperature,18.42
2024-01-04 14:02:23,temperature,29.58
2024-01-04 14:08:13,temperature,25.22
2024-01-04 14:17:15,CPU_usage,16.71
2024-01-04 14:35:42,stock_price,367.84
2024-01-04 14:35:47,stock_price,285.43
2024-01-04 14:41:44,CPU_usage,30.19
2024-01-04 15:04:23,stock_price,266.68
2024-01-04 15:08:34,CPU_usage,11.42
2024-01-04 15:22:32,stock_price,107.29
2024-01-04 15:24:10,CPU_usage,16.19
2024-01-04 15:24:11,CPU_usage,14.1
2024-01-04 15:37:47,temperature,18.74
2024-01-04 15:40:12,stock_price,299.49
2024-01-04 15:46:55,CPU_usage,36.86
2024-01-04 15:48:30,temperature,19.09
2024-01-04 16:03:46,stock_price,234.39
2024-01-04 16:22:00,stock_price,245.74
2024-01-04 16:22:27,stock_price,415.19
2024-01-04 16:25:03,CPU_usage,35.9
2024-01-04 16:37:48,temperature,17.23
2024-01-04 16:45:19,stock_price,440.58
2024-01-04 16:53:12,stock_price,400.74
2024-01-04 16:58:58,temperature,29.38
2024-01-04 17:31:22,stock_price,306.74
2024-01-04 17:37:00,temperature,28.66
2024-01-04 18:03:36,temperature,19.01
2024-01-04 18:06:28,temperature,24.44
2024-01-04 18:09:42,stock_price,139.71
2024-01-04 18:13:45,stock_price,252.23
2024-01-04 18:20:51,CPU_usage,28.57
2024-01-04 18:21:05,temperature,26.22
2024-01-04 18:26:13,temperature,18.09
2024-01-04 18:35:47,temperature,23.77
2024-01-04 18:42:48,temperature,18.24
2024-01-04 18:46:14,CPU_usage,72.83
2024-01-04 18:52:05,stock_price,216.03
2024-01-04 19:02:42,stock_price,222.14
2024-01-04 19:02:54,temperature,20.97
2024-01-04 19:11:47,stock_price,243.97
2024-01-04 19:31:09,temperature,22.93
2024-01-04 19:35:41,temperature,20.86
2024-01-04 19:39:08,CPU_usage,57.33
2024-01-04 19:48:32,temperature,22.16
2024-01-04 19:54:48,CPU_usage,75.38
2024-01-04 19:55:16,temperature,21.65
2024-01-04 19:57:06,temperature,28.69
2024-01-04 20:08:10,CPU_usage,41.77
2024-01-04 20:09:14,temperature,25.74
2024-01-04 20:19:32,stock_price,339.22
2024-01-04 20:22:11,CPU_usage,43.89
2024-01-04 20:25:53,temperature,28.74
2024-01-04 20:28:32,stock_price,464.13
2024-01-04 20:31:41,CPU_usage,74.16
2024-01-04 20:38:03,stock_price,341.63
2024-01-04 20:43:01,stock_price,425.67
2024-01-04 20:49:11,temperature,18.69
2024-01-04 20:52:39,CPU_usage,25.58
2024-01-04 20:58:50,stock_price,298.33
2024-01-04 21:18:14,stock_price,132.68
2024-01-04 21:19:43,temperature,17.33
2024-01-04 21:35:32,stock_price,258.39
2024-01-04 21:35:33,stock_price,146.57
2024-01-04 21:44:49,temperature,22.84
2024-01-04 21:49:33,CPU_usage,85.77
2024-01-04 22:06:21,stock_price,112.71
2024-01-04 22:23:18,temperature,25.33
2024-01-04 22:27:44,temperature,16.57
2024-01-04 22:28:27,stock_price,218.52
2024-01-04 22:43:40,stock_price,440.22
2024-01-04 22:45:49,CPU_usage,96.67
2024-01-04 22:56:04,CPU_usage,88.61
2024-01-04 23:08:50,stock_price,310.08
2024-01-04 23:09:09,CPU_usage,63.4
2024-01-04 23:12:35,stock_price,208.56
2024-01-04 23:39:22,temperature,28.17
2024-01-04 23:41:13,CPU_usage,3.53
2024-01-04 23:48:34,CPU_usage,54.58
2024-01-04 23:49:52,CPU_usage,36.39
2024-01-04 23:57:34,stock_price,397.38
2024-01-04 23:57:52,temperature,26.29
2024-01-05 00:02:10,stock_price,359.57
2024-01-05 00:13:09,stock_price,257.72
2024-01-05 00:19:19,CPU_usage,32.04
2024-01-05 00:25:34,stock_price,136.18
2024-01-05 00:53:59,temperature,19.76
2024-01-05 00:57:55,stock_price,430.48
2024-01-05 01:08:29,temperature,22.02
2024-01-05 01:10:33,temperature,18.47
2024-01-05 01:28:17,temperature,28.93
2024-01-05 01:38:55,CPU_usage,40.1
2024-01-05 01:45:03,temperature,26.44
2024-01-05 01:53:30,stock_price,263.06
2024-01-05 02:55:07,temperature,26.85
2024-01-05 02:55:31,temperature,20.92
2024-01-05 02:56:25,stock_price,433.09
2024-01-05 03:09:47,CPU_usage,31.92
2024-01-05 03:27:41,stock_price,420.36
2024-01-05 03:35:59,CPU_usage,40.0
2024-01-05 03:48:35,stock_price,344.56
2024-01-05 03:55:05,stock_price,486.11
2024-01-05 04:06:27,stock_price,267.13
2024-01-05 04:23:38,temperature,21.05
2024-01-05 04:25:51,CPU_usage,89.72
2024-01-05 05:06:22,CPU_usage,7.39
2024-01-05 05:12:57,CPU_usage,20.49
2024-01-05 05:17:10,CPU_usage,46.15
2024-01-05 05:51:04,stock_price,385.57
2024-01-05 05:54:40,temperature,19.89
2024-01-05 05:55:44,temperature,26.24
2024-01-05 06:00:50,stock_price,300.75
2024-01-05 06:11:52,temperature,23.37
2024-01-05 06:31:22,temperature,22.21
2024-01-05 06:42:23,CPU_usage,28.46
2024-01-05 06:55:32,CPU_usage,23.21
2024-01-05 07:02:09,CPU_usage,41.61
2024-01-05 07:02:58,temperature,23.47
2024-01-05 07:10:12,stock_price,224.58
2024-01-05 07:18:18,CPU_usage,31.46
2024-01-05 07:24:10,stock_price,149.27
2024-01-05 07:25:53,stock_price,487.87
2024-01-05 07:26:56,CPU_usage,89.11
2024-01-05 07:33:16,stock_price,191.32
2024-01-05 07:46:10,temperature,16.16
2024-01-05 07:50:14,CPU_usage,25.6
2024-01-05 07:55:32,CPU_usage,69.47
2024-01-05 08:06:03,stock_price,443.57
2024-01-05 08:10:11,stock_price,352.63
2024-01-05 08:18:26,CPU_usage,74.79
2024-01-05 08:24:02,CPU_usage,47.36
2024-01-05 08:27:38,CPU_usage,70.76
2024-01-05 08:29:20,stock_price,231.88
2024-01-05 08:38:42,stock_price,186.5
2024-01-05 08:39:06,temperature,18.29
2024-01-05 08:51:46,stock_price,238.11
2024-01-05 08:55:35,temperature,21.68
2024-01-05 09:02:30,stock_price,385.79
2024-01-05 09:03:54,stock_price,324.41
2024-01-05 09:04:24,temperature,17.92
2024-01-05 09:08:12,stock_price,309.88
2024-01-05 09:11:51,temperature,27.85
2024-01-05 09:17:50,temperature,20.28
2024-01-05 09:40:40,CPU_usage,10.63
2024-01-05 09:46:53,CPU_usage,11.2
2024-01-05 09:59:28,stock_price,374.08
2024-01-05 10:11:32,stock_price,315.16
2024-01-05 10:20:09,temperature,20.08
2024-01-05 10:22:50,stock_price,117.68
2024-01-05 10:56:39,temperature,15.86
2024-01-05 10:58:30,CPU_usage,88.66
2024-01-05 11:06:54,temperature,25.27
2024-01-05 11:11:20,stock_price,477.02
2024-01-05 11:14:46,temperature,21.53
2024-01-05 11:26:20,temperature,18.78
2024-01-05 11:35:06,stock_price,189.12
2024-01-05 11:37:40,temperature,28.01
2024-01-05 11:52:10,temperature,17.56
2024-01-05 11:54:10,CPU_usage,37.35
2024-01-05 11:55:08,temperature,29.3
2024-01-05 12:08:26,CPU_usage,76.08
2024-01-05 12:12:01,temperature,24.33
2024-01-05 12:12:05,CPU_usage,75.28
2024-01-05 12:13:30,temperature,21.78
2024-01-05 12:18:25,temperature,19.82
2024-01-05 12:56:25,stock_price,466.71
2024-01-05 12:57:49,stock_price,459.76
2024-01-05 12:59:54,CPU_usage,58.42
2024-01-05 13:07:01,CPU_usage,43.16
2024-01-05 13:09:22,stock_price,350.84
2024-01-05 13:09:32,temperature,18.11
2024-01-05 13:20:01,temperature,18.05
2024-01-05 13:36:08,CPU_usage,0.72
2024-01-05 13:40:58,CPU_usage,25.67
2024-01-05 13:53:38,stock_price,135.59
2024-01-05 13:54:21,CPU_usage,94.39
2024-01-05 13:58:34,stock_price,233.4
2024-01-05 14:05:16,stock_price,292.68
2024-01-05 14:17:22,CPU_usage,55.45
2024-01-05 15:04:52,CPU_usage,84.97
2024-01-05 15:06:14,CPU_usage,2.02
2024-01-05 15:11:41,CPU_usage,12.07
2024-01-05 15:29:22,stock_price,233.85
2024-01-05 15:36:41,CPU_usage,82.18
2024-01-05 15:42:03,CPU_usage,55.5
2024-01-05 15:48:24,CPU_usage,35.7
2024-01-05 15:57:15,stock_price,151.59
2024-01-05 15:57:51,temperature,22.04
2024-01-05 16:18:59,stock_price,292.08
2024-01-05 16:20:15,temperature,25.89
2024-01-05 16:32:59,temperature,29.04
2024-01-05 16:41:45,temperature,26.85
2024-01-05 16:53:58,CPU_usage,10.9
2024-01-05 17:00:21,CPU_usage,92.95
2024-01-05 17:04:47,CPU_usage,61.28
2024-01-05 17:14:08,CPU_usage,33.6
2024-01-05 17:22:26,stock_price,370.39
2024-01-05 17:44:28,temperature,18.64
2024-01-05 18:04:30,CPU_usage,14.7
2024-01-05 18:10:55,CPU_usage,13.78
2024-01-05 18:12:26,stock_price,289.44
2024-01-05 18:20:02,temperature,22.56
2024-01-05 18:21:49,CPU_usage,56.82
2024-01-05 18:30:35,temperature,24.41
2024-01-05 18:43:48,CPU_usage,94.67
2024-01-05 18:53:06,stock_price,122.33
2024-01-05 18:54:37,temperature,16.46
2024-01-05 18:59:41,temperature,21.14
2024-01-05 19:17:50,stock_price,410.35
2024-01-05 19:23:07,stock_price,425.84
2024-01-05 19:25:25,temperature,16.14
2024-01-05 19:28:07,CPU_usage,13.09
2024-01-05 19:32:59,temperature,28.71
2024-01-05 19:48:22,stock_price,272.72
2024-01-05 20:00:57,CPU_usage,31.51
2024-01-05 20:15:28,temperature,18.96
2024-01-05 20:20:22,stock_price,412.25
2024-01-05 20:21:12,CPU_usage,89.65
2024-01-05 20:22:25,CPU_usage,11.07
2024-01-05 20:27:11,CPU_usage,68.38
2024-01-05 20:35:06,temperature,17.67
2024-01-05 20:41:19,stock_price,496.17
2024-01-05 20:46:41,stock_price,350.23
2024-01-05 20:51:32,temperature,17.49
2024-01-05 20:55:45,stock_price,218.0
2024-01-05 20:56:59,stock_price,251.19
2024-01-05 21:04:42,temperature,21.43
2024-01-05 21:11:27,temperature,26.44
2024-01-05 21:12:00,CPU_usage,91.62
2024-01-05 21:20:21,CPU_usage,31.56
2024-01-05 21:23:14,CPU_usage,94.2
2024-01-05 21:26:08,temperature,23.75
2024-01-05 21:41:52,temperature,21.33
2024-01-05 21:42:27,stock_price,302.64
2024-01-05 21:47:59,temperature,18.31
2024-01-05 21:53:25,stock_price,491.14
2024-01-05 22:15:04,CPU_usage,51.78
2024-01-05 22:18:57,stock_price,425.37
2024-01-05 22:50:21,CPU_usage,6.5
2024-01-05 22:58:45,CPU_usage,8.47
2024-01-05 22:59:05,stock_price,130.4
2024-01-05 23:03:22,CPU_usage,28.72
2024-01-05 23:06:58,temperature,25.84
2024-01-05 23:15:40,CPU_usage,53.59
2024-01-05 23:16:14,temperature,22.83
2024-01-05 23:16:31,CPU_usage,42.45
2024-01-05 23:26:54,temperature,25.56
2024-01-05 23:32:32,stock_price,219.52
2024-01-05 23:39:02,CPU_usage,90.87
2024-01-05 23:50:58,temperature,29.68
2024-01-06 00:01:17,stock_price,306.18
2024-01-06 00:16:18,CPU_usage,37.48
2024-01-06 00:25:51,CPU_usage,15.21
2024-01-06 00:45:38,temperature,18.86
2024-01-06 01:22:51,temperature,20.76
2024-01-06 01:34:27,stock_price,130.9
2024-01-06 01:34:42,temperature,20.58
2024-01-06 01:38:53,temperature,28.1
2024-01-06 01:41:04,CPU_usage,1.89
2024-01-06 01:46:00,temperature,25.14
2024-01-06 01:47:44,CPU_usage,60.59
2024-01-06 01:55:23,temperature,21.68
2024-01-06 02:06:04,stock_price,156.34
2024-01-06 02:07:11,temperature,22.92
2024-01-06 02:13:49,temperature,19.75
2024-01-06 02:30:30,temperature,27.24
2024-01-06 02:33:42,CPU_usage,3.13
2024-01-06 02:34:54,stock_price,142.29
2024-01-06 02:43:26,temperature,22.74
2024-01-06 02:48:19,stock_price,143.51
2024-01-06 03:10:24,temperature,27.53
2024-01-06 03:12:47,CPU_usage,40.45
2024-01-06 03:18:13,temperature,18.68
2024-01-06 03:26:29,stock_price,257.03
2024-01-06 03:54:31,CPU_usage,60.82
2024-01-06 04:10:36,CPU_usage,21.87
2024-01-06 04:16:55,temperature,28.79
2024-01-06 04:17:48,temperature,27.27
2024-01-06 04:26:55,temperature,28.22
2024-01-06 04:44:52,stock_price,291.53
2024-01-06 04:51:42,stock_price,260.47
2024-01-06 05:05:35,CPU_usage,44.12
2024-01-06 05:12:48,temperature,20.73
2024-01-06 05:14:15,stock_price,334.33
2024-01-06 05:17:02,stock_price,257.81
2024-01-06 05:28:23,stock_price,180.88
2024-01-06 05:32:02,temperature,17.56
2024-01-06 05:40:08,stock_price,304.99
2024-01-06 05:55:29,temperature,26.99
2024-01-06 06:00:27,temperature,16.9
2024-01-06 06:01:36,stock_price,484.65
2024-01-06 06:09:46,stock_price,496.75
2024-01-06 06:38:50,temperature,22.57
2024-01-06 07:16:45,stock_price,230.99
2024-01-06 07:18:11,CPU_usage,70.49
2024-01-06 07:22:20,temperature,29.69
2024-01-06 07:35:03,CPU_usage,25.44
2024-01-06 07:50:43,CPU_usage,17.24
2024-01-06 08:10:23,stock_price,139.18
2024-01-06 08:38:40,temperature,24.92
2024-01-06 08:49:16,CPU_usage,56.84
2024-01-06 08:55:08,stock_price,101.39
2024-01-06 09:08:29,temperature,23.78
2024-01-06 09:23:16,stock_price,170.91
2024-01-06 09:43:44,CPU_usage,76.5
2024-01-06 09:53:12,temperature,22.7
2024-01-06 10:18:06,stock_price,122.78
2024-01-06 10:24:53,stock_price,411.1
2024-01-06 10:35:56,temperature,16.17
2024-01-06 10:37:36,temperature,16.69
2024-01-06 11:05:18,temperature,24.45
2024-01-06 11:21:57,CPU_usage,69.51
2024-01-06 11:22:07,temperature,19.83
2024-01-06 11:29:25,CPU_usage,49.18
2024-01-06 11:30:52,CPU_usage,0.64
2024-01-06 12:04:19,CPU_usage,63.06
2024-01-06 12:07:54,CPU_usage,94.45
2024-01-06 12:16:02,CPU_usage,16.35
2024-01-06 12:20:17,stock_price,492.83
2024-01-06 12:20:21,stock_price,406.37
2024-01-06 12:48:28,temperature,27.08
2024-01-06 12:55:31,CPU_usage,62.63
2024-01-06 12:59:36,temperature,20.35
2024-01-06 13:05:15,stock_price,331.5
2024-01-06 13:11:34,temperature,21.73
2024-01-06 13:50:54,CPU_usage,19.92
2024-01-06 13:59:13,temperature,16.2
2024-01-06 14:01:17,CPU_usage,32.03
2024-01-06 14:10:26,stock_price,394.7
2024-01-06 14:21:41,temperature,21.89
2024-01-06 14:31:46,CPU_usage,93.67
2024-01-06 14:32:12,CPU_usage,27.34
2024-01-06 14:47:07,stock_price,385.3
2024-01-06 14:47:35,stock_price,322.11
2024-01-06 14:57:07,CPU_usage,71.35
2024-01-06 15:13:34,temperature,15.32
2024-01-06 15:17:09,CPU_usage,53.21
2024-01-06 15:24:57,CPU_usage,13.07
2024-01-06 15:27:23,temperature,21.92
2024-01-06 15:30:50,CPU_usage,79.0
2024-01-06 15:46:12,stock_price,195.01
2024-01-06 15:52:20,CPU_usage,71.26
2024-01-06 15:52:27,temperature,23.6
2024-01-06 16:03:09,stock_price,264.0
2024-01-06 16:21:06,CPU_usage,22.91
2024-01-06 16:22:13,temperature,20.25
2024-01-06 16:28:18,temperature,28.08
2024-01-06 16:39:49,CPU_usage,87.35
2024-01-06 16:46:20,CPU_usage,66.42
2024-01-06 17:21:03,stock_price,189.64
2024-01-06 17:21:31,temperature,27.11
2024-01-06 17:26:49,temperature,26.98
2024-01-06 17:27:16,temperature,25.17
2024-01-06 17:50:23,stock_price,176.46
2024-01-06 18:02:23,CPU_usage,69.99
2024-01-06 18:09:06,CPU_usage,31.73
2024-01-06 18:11:18,CPU_usage,80.15
2024-01-06 18:25:10,temperature,25.94
2024-01-06 18:58:41,CPU_usage,47.59
2024-01-06 19:25:37,temperature,28.46
2024-01-06 19:25:47,temperature,28.64
2024-01-06 19:28:18,CPU_usage,89.83
2024-01-06 19:30:10,stock_price,260.43
2024-01-06 19:38:50,stock_price,410.02
2024-01-06 19:42:17,temperature,24.26
2024-01-06 19:47:40,CPU_usage,28.77
2024-01-06 19:48:57,CPU_usage,28.35
2024-01-06 19:50:20,stock_price,367.68
2024-01-06 20:02:36,temperature,26.98
2024-01-06 20:06:37,stock_price,472.1
2024-01-06 20:17:38,temperature,29.96
2024-01-06 20:22:24,stock_price,114.75
2024-01-06 20:26:39,stock_price,440.58
2024-01-06 20:27:29,CPU_usage,84.31
2024-01-06 20:35:50,temperature,27.12
2024-01-06 21:01:02,stock_price,323.2
2024-01-06 21:10:38,temperature,21.11
2024-01-06 21:22:46,stock_price,274.31
2024-01-06 21:37:05,temperature,29.34
2024-01-06 21:41:44,CPU_usage,1.87
2024-01-06 21:53:15,stock_price,339.27
2024-01-06 21:59:24,stock_price,154.72
2024-01-06 22:14:51,stock_price,231.97
2024-01-06 22:17:13,CPU_usage,26.25
2024-01-06 22:29:27,stock_price,457.22
2024-01-06 22:33:11,stock_price,343.91
2024-01-06 22:34:04,CPU_usage,56.58
2024-01-06 22:48:37,temperature,26.24
2024-01-06 22:54:26,temperature,18.49
2024-01-06 22:59:03,temperature,25.96
2024-01-06 23:15:27,CPU_usage,36.06
2024-01-06 23:36:54,temperature,16.07
2024-01-06 23:45:48,CPU_usage,15.5
2024-01-06 23:54:47,temperature,29.37
